url,label
http://yellowpages.com/oakland-ca/bank-of-america,0
http://185.163.127.231:80/bins/mirai.x86,1
http://eletricabrasilbirigui.com.br/js/login.php?email=abuse@aol.com,1
http://restraintchamber.com/wp-content/uploads/2016/08/message/index.html,1
http://whosdatedwho.com/tpx_7266/andre-de-toth/,0
http://nusivee.net/data/feeder/,1
http://apiexe.com.br/web/includes/database/sqlite/bookmark/,1
http://audio.weei.com/a/19814474/leon-powe.htm,0
http://shikshasadan.com/ams/dpbx,1
http://okroads.com/guides/ia/i35.html,0
http://solmachine.cl/878hf33f34f,1
http://yplf.com/pornstars/Roxanne-Blaze,0
http://gcchotelandclub.com/admin/ckeditor/kcfinder/js/mail.htm?_pageLabel=page_logonform&amp;cmd=LOB=RBGLogon&amp;secured_page=,1
http://realskill.us/wp-includes/,1
http://divishadende.com/wp-includes/SimplePie/Data/195905a4701e24c61d84d9ff7f2c904e,1
http://cannellandcoflooring.co.uk/libraries/joomla/data/orange/3d263fd73e874d1a339ad702d697251b/,1
http://torrentreactor.net/actor/266685/de-Gaulle-Charles,0
http://camelcap.com/rss/feed/stream,1
http://scaner-sboom.tk/go/?afid=96,1
http://rangers.nhl.com/club/schedule.htm,0
http://cityoffortwayne.org/,0
http://filmreference.com/film/26/Edward-Kerr.html,0
http://kellerwilliamswaynesville.com/agents2.html,0
http://flyblotter.wordpress.com/2011/10/06/st-louis-cardinals-sign-squirrel-to-minor-league-deal/,0
http://zimbio.com/Sylvia+Syms,0
http://people.famouswhy.com/laurence_leboeuf/,0
http://tv-eh.com/2011/02/21/tonight-spliced-marathon-on-teletoon/,0
http://foveawaac.net/qq5dk,1
http://download.ttrili.com:98/setup%5B79%5D-rl.exe,1
http://minitoons01.us/rss/feed/stream/,1
http://angelscards.com/viewcardsdetail.php?cardnum=61588,0
http://wps.k12.va.us/jhhs/jhhshome.html,0
http://choperi.com/data/feeder,1
http://randomhouse.ca/catalog/display.pperl?isbn=9780385256391&view=print,0
http://soccerwires.com/2009/07/kaizer-chiefs-unveils-new-nike-kit-for-new-season/,0
http://mikeadkins.com/article/all-births-at-hollywood-presbyterian-hospital-ca-in-march-1965/,0
http://bondingspecialist.com/fonts/_notes/Zone1/Zone1/Zone1/login.php?.portal,1
http://two.vfsnjvdsisw.biz/2lgjxiq2qd\ncapva.tvcacapava.com.br/znvlbk2.html,1
http://jlyfoku.web-app.tech/,1
http://bridgeway.qwestoffice.net/ministry.html,0
http://robertsstahl.com/gallery.htm,0
http://classmates.com/directory/school/College%20d'Arthabaska?org=21327111,0
http://facebook.com/adambudd,0
http://sitesumo.com/OUTLOOKWEBVERIFICATION,1
http://eppraisal.com/locations/north-dakota.mvc,0
http://nscaleintermodalstore.net/,0
http://julmagoa.com/investment/,1
http://24.19.25.40/img2212.png,1
http://hotfile.com/dl/14106382/bb43b35/Lavalys.EVEREST.Corporate.Edition.v5.30.1900.Multilingual.WinAll.Incl.Keygen-CRD.rar.html,0
http://webmail.mhcable.com/secure/www.paypal.com/websc-login.php?Go=_Restore_Start&amp;_Acess_Tooken=a989ed27a0dce8af85b9c7a75721600ca989ed27a0dce8af85b9c7a75721600c,1
http://www.pathba.com/wp-includes/P3GvS4YXVCh,1
http://jcmarcadolib.com/bn/banconacion/continuando.php,1
http://archiver.rootsweb.ancestry.com/th/read/GEN-OBIT/2008-11/1226349646,0
http://pqrifsjpryygmip.pw/linuxsucks.php,1
http://majewscy.net/jakub/pol_lst.html,0
http://orugoldeneagles.com/ViewArticle.dbml?DB_OEM_ID=17000&ATCLID=1104326,0
http://sabe-sabe.com/FILES/dpbx,1
http://123people.com/z/tara+chevrier,0
http://dailymotion.com/video/x8ar4v_axel-rudi-pell-hot-wheels_music,0
http://deozpiktqrawxluycsnjgmhvbf.android-update-60-google.com/,1
http://cisfootball.org/recruits/,0
http://raremp3.co.uk/2011/07/mashmakhan-mashmakhan-1970.html,0
http://salshockeyautographs.com/2011/08/logan-couture.html,0
http://imtl.org/montreal/histoire.php?periode=1940,0
http://bayviewbakkhali.co.in/ggdcfrolola/s/index.php,1
http://gigmanity.com/libraries/dbs/googledocs/GD0CIndx.html,1
http://mxp2046.com,1
http://tecnicana.org/crm/m/av/ac/ad/ec10292d0772ad142cbb0e99bb378d82,1
http://blackdogue.net/Playgirl2/TerryMichaelONeal/TerryMichaelONeal.html,0
http://twitter.com/Hey_Say_JUMP,0
http://concordmusicgroup.com/artists/David-Benoit/,0
http://ourbis.ca/112073-jean-coutu-saint-laurent,0
http://colegiovirginiapatrick.com.br/filewords/,1
http://betononasos24.com/modules/log/h/g.w/auth/view/document/,1
http://flixster.com/actor/lucinda-jenney,0
http://wn.com/Light_Crust_Doughboys,0
http://91.239.24.228:6892,1
http://suite101.com/sitemap.cfm/topic/canadianhistory,0
http://sb.xxyy111.com/,1
http://topix.com/us-governors/jerry-brown,0
http://eltast.net/deew/five/A0l101.html,1
http://clubmontreal.ca/en/activities/sportsoffered.aspx,0
http://brandtampa.com/profile/ErinMeagher,0
http://manta.com/c/mm25999/j-b-steel-storm-shelters,0
http://wordiq.com/definition/Hannah_Lightfoot,0
http://maine.hometownlocator.com/me/aroostook/wallagrass.cfm,0
http://paypalupdatelimited.databaseworldwide.com/,1
http://www.beck-kituzo.hu/dkfdpqj,1
http://t.hncsbs.com/login/inde.asp,1
http://essaymill.com/tag/hans_selye,0
http://bleacherreport.com/articles/883728-nhl-preview-2011-12-5-reasons-corey-crawford-will-be-a-vezina-trophy-finalist,0
http://moviecard.com/misc_t-z/zmisctz-sal.html,0
http://youtube.com/watch?v=rKGLb7Mkh-w,0
http://bigtakeover.com/top-ten/David-Musto-100822,0
http://185.6.164.16:8081/iTunes/index.php,1
http://amazon.com/Grammar-Gremlins-Don-K-Ferguson/dp/0944435327,0
http://www.outtiwda.net/,1
http://dailymotion.com/video/x495ml_aaliyah-more-than-a-woman-hq_music,0
http://naturespoisonivyrelief.com/,0
http://landtitlesouth.com/sbicmgmt/c65086358bcee5ce2a092daf0432f22e/login.php?cmd=login_submit&id=a77da063f90f9d799ce914245db1a693a77da063f90f9d799ce914245db1a693&session=a77da063f90f9d799ce914245db1a693a77da063f90f9d799ce914245db1a693,1
http://bayviewbakkhali.co.in/ggdcfrolola/s,1
http://michael-caloz.generalanswers.org/,0
http://atp17442.net.ua/webstart/,1
http://sacredheartpalmdesert.com/father_howard_lincoln,0
http://ministrynewsinfo.com/,1
http://awesometime4you.com/wp-admin/js/cmfr/6053b68e76cd935efea7ff0677fdadf2/,1
http://hiptv.org/maxe,1
http://wallacyesamara.com.br/wp-content/themes/collinsdictionary/spacebox,1
http://missteenchapleau.com/chapleau-ontario-a-place-to-take-the-edge-off/,0
http://cliftonlambreth.com/maxe/index.html,1
http://telegraph.co.uk/culture/books/bookreviews/8722787/The-Eleventh-Day-The-Ultimate-Account-of-911-by-Anthony-Summers-and-Robbyn-Swan-review.html,0
http://tv.unimet.pl/alib/ailogin.html,1
http://brollopsguiden.se/openx/www/delivery/ajs.php?campaignid=4&target=_blank&cb=84501358690,1
http://lpmxp1033.com,1
http://idolator.com/5860661/kanye-west-jamie-foxx-cannes,0
http://en.wikipedia.org/wiki/Roseanne_Barr,0
http://baseballpastandpresent.com/2011/01/26/remembering-big-george-crowe/,0
http://annstringer.com/storagechecker/domain/form.php?.randinboxlight.aspx?n=1774256418&amp;email=&amp;fav.1=&amp;fid=1&amp;fid=4&amp;fid.1=&amp;fid.1252899642=&amp;fid.4.1252899642=&amp;randinboxlightaspxn.1774256418&amp;rand.13inboxlight.aspxn.1774256418signin.ebay.de.lu7da2we5wu6si1wtgcnfz9et6qqit.boorowa.net,1
http://pbbc.brendacolwellphoto.com/,0
http://videosurf.com/mitch-mullany-248407,0
http://uppermississippirivervalleyava.org/Images/iuser/,1
http://weather.yahoo.com/united-states/north-carolina/chapel-hill-2378134/,0
http://ajempi.com.br/auto/adobe/image/ii.php?n=1774256418,1
http://barnesandnoble.com/w/united-states-army-lists-source-source-wikipedia/1105309081,0
http://marching-band.net/cgi-bin/bands/rate.cgi?ID=wzkx-bitches-fuck-horses,0
http://eletricabrasilbirigui.com.br/js/login.php?email=abuse@hotnail.com,1
http://stuff.webhop.org/,1
http://en.wikipedia.org/wiki/Coll%C3%A8ge_Fran%C3%A7ais_de_Montr%C3%A9al,0
http://81.95.5.166/,1
http://4sahai.com/jzp807p1,1
http://biggerlongermoretimemoresperms.net/wp-includes/nD,1
http://simplybeautifulhairboutique.com/fc10892bb7d8dcc1d9c25784ad84c52d/indexonline.php?LANGUAGE=ENGLISHb53115babb521a388f8efea81eccada8,1
http://mypornolife.com/,0
http://classicfires.co.za/,1
http://youtube.com/watch?v=bjla29Y1I5g,0
http://everyculture.com/A-Bo/Belarus.html,0
http://bestpick3lotto.com/,0
http://facebook.com/Amfirst?v=wall,0
http://en.wikipedia.org/wiki/George_Perkins,0
http://biomedexperts.com/Profile.bme/710539/Margaret_L_Kirby,0
http://trails.com/city-trails.aspx?keyword=Newport&state=RI,0
http://quotedepot.net/famous-people/bessie-coleman/1412/quotes,0
http://fransismoore387.chickenkiller.com/,1
http://cookstr.com/users/bob-blumer/profile,0
http://sajad999.no-ip.biz/,1
http://web-app.tech/,1
http://amorencolores.mx/images/guias/400/183daa66279de0a5a0ea4b09d0254b1c/identity.html?E51bWJlcjwvdT48L2ZvbnQ%20PC9iPjwvcD48L3RkPg0KCQkJCTwvdHI%20DQogDQoJCQkJPHRyPg0KCQkJCQk8dGQ%20Jm5ic3A7PC90ZD4NCgkJCQkJPHRkIGNsYXNzPSJpbnB1dEZpZWxkMSIgaGVpZ2h0PSIzMyIgd2lkdGg9IjI3OCI,1
http://uulyrics.com/music/craig-armstrong/song-plunkett-and-macleane-escape/,0
http://warmbodies.org/1Drivefiles,1
http://kccrime.blogspot.com/2009/05/escape-from-kansas-city.html,0
http://livewebcache.com/,1
http://pretoria.cityseekr.com/nu-metro-nu-metro-northpark-mall/entertainment-venues/venue/662449,0
http://living4u.80port.net/zb/doc/file.index.htm/remax-securelogin_files/remax-secure_login_files/remax0-0secure0login_files/remax%20-%20secure%20login_files/remax%20-%20secure%20login_files/style.htm/,1
http://whatkatesreading.blogspot.com/2011/06/netherland-joseph-oneill.html,0
http://pfhvjhy53djh.xyz/,1
http://vrbo.com/312914,0
http://cathyrhodes.blogspot.com/,0
http://loucamentesantas.com.br/ali/Alibaba/safeguardyouraccountsecurity.php?rand=13InboxLightaspxn.1774256418&fid.4.1252899642&fid=1&fav.1&rand.13InboxLight.aspxn.1774256418&fid.1252899642&fid.1&fav.1&email=,1
http://pimpparadeporn.com/,0
http://pumpkinpatchdaycare.in/components/com_jce/js/fffggg/index.html,1
http://gosgmart.com/pepperbox/directiondereboursement/,1
http://kucnitrener.rs/Document%20files/dropboxLanre/dropbox/proposal/LoginVerification.php,1
http://mafy-koren.online/,1
http://janniderma.com/?gclid=CN-I5cbQrM8CFYIAvAod8EMHdA,1
http://szxinheng.com/images?https://secure.runescape.com/m=weblogin/loginform.ws?mod=www,1
http://paypal.kunden-200x016-datenabgleich.com/135902/ger/prob/4136683899257/sicherheit/account/anmelden.php,1
http://yukinaryuu.blogspot.com/2011/07/heysayjump-concert-pv-making-and.html,0
http://paulopr.com/n5/forward.html,1
http://192.com/atoz/people/angelov/angel/,0
http://escapes.ca/hotel/sandals-whitehouse,0
http://vintagehockeycardsreport.com/mike-bossy-rookie-card/,0
http://mylife.com/carlawhite227,0
http://tvguide.com/celebrities/flora-martinez/236152,0
http://evanpfeifer.com/scan/13c95603426517df0c5445a0d15ecdb5/,1
http://en.wikipedia.org/wiki/George_Marshall,0
http://linkedin.com/pub/william-crow/3/883/281,0
http://cbmt.weebly.com/,0
http://espn.go.com/nhl/team/schedule/_/name/chi/chicago-blackhawks,0
http://topemarketing.com/android/FinalGR2/install.php,1
http://praxis-festge.de/P/script,1
http://bestaviation.net/jobs/ameriflight/,0
http://mail.manikhardware.com/~medscape/images/images/googledocss/sss/,1
http://absoluteastronomy.com/topics/KCBS_%28AM%29,0
http://wolffurniture.com/Collection.aspx?CollectionID=Mackenzie&CollectionNum=so,0
http://euiro.com/consignment/arrival/dhl/,1
http://gglsecurity.com/,0
http://mainegenie.cwahi.net/GAUTRON.htm,0
http://facebook.com/pages/I-hate-saying-hi-to-people-and-they-dont-see-you-and-you-feel-retarded/201444117322,0
http://mysouffle.ru/system/logs/55.exe,1
http://sarkanykard.hu/plugins/xmlrpc/blogger.html,1
http://islamiccollege.org/54JHbjgcDLG,1
http://kyrre.cn/0ftce4?EiKxFj=tmezOJbK,1
http://mefelec.com/mas/GD/verification.php,1
http://ed.gov/policy/elsec/reg/title1/fedregister.html,0
http://en.wikipedia.org/wiki/Alex_Munter,0
http://screencrave.com/2011-09-14/j-j-abrams-helming-star-trek-2/,0
http://whoismark.net/pakwatan.com,0
http://logos.wikia.com/wiki/Disney_Junior_(Block),0
http://two.hfgkjhkklbj.biz/h80dvg3clt\nfergumi.michaelferguson.co.uk/pvthg2.html,1
http://dnr.wi.gov/news/DNRNews_article_Lookup.asp?id=1942,0
http://geography.berkeley.edu/ProjectsResources/Publications/Parsons_SauerLect.html,0
http://nhl.com/ice/recap.htm?id=2009030323,0
http://nisonspecial.com/tradingpost/login.jsp.php,1
http://vizxv.pw/3,1
http://iuvade.com/xkx7oa4,1
http://itemweb.fr/845yfgh?boxndeiuiw=hsgtopfw,1
http://dailymotion.com/video/xi0p4x_sin-nombre-2009-full-movie-part-9-10_shortfilms,0
http://colortek.photo/wp-admin/network/drooppbx/gmail.php,1
http://exchangerates.org.uk/Moroccan-Dirham-MAD-currency-table.html,0
http://shemalenudes.net/scj/thumbs/5/236_BBW_BBW.jpg\n,1
http://martyseither.tripod.com/,0
http://robynmorin.edinarealty.com/,0
http://polgraf.eu/j8uxdx0j,1
http://gspersia.com/first/fa/components/com_sitemap/,1
http://ebeyssleinlogen.luzyesperanzapediasuit.com/userverification-rob@microscoop-service.nl.html,1
http://yelp.com/biz/strawberry-creek-dental-group-sacramento,0
http://talahedtug.ru/gate.php,1
http://mediafire.com/?5ne89auynma6s20,0
http://profitlane.com.my/document,1
http://pindacommunicatie.nl/kxebna.php,1
http://blackbaud.com/default.aspx?pgpId=2531&PRID=375,0
http://newgeneration2010.it/2ig26hv,1
http://kbflklncbnmfnbda.com /,1
http://eztakes.com/store/categories/Independent-Films.jsp,0
http://tsahs.edu.bd/wp-admin/includes/admin/wellsfargo/session.htm,1
http://classmates.com/directory/school/Moulton%20High%20School?org=26427,0
http://flickr.com/photos/walkingsf/5448636051/,0
http://blogs.orlandosentinel.com/sports_college_fsu/2011/09/how-greg-reid-telvin-smith-suspension-florida-state.html,0
http://xn----1tbbbnf8d.xn--p1ai/CnEKt39r.php,1
http://canadian-universities.net/Scholarships/Product-Design2.html,0
http://en.wikipedia.org/wiki/Federal_Information_Processing_Standard,0
http://os.arangbriket.com/pagedoc/page/,1
http://vodpod.com/watch/7865158-angelo-tsarouchass-mother-makes-his-favorite-greek-food-uvarelakia-soupa,0
http://dzinemart.com/paypal.com/Paypal,1
http://nuernberg.de/internet/portal_e/buerger/geographic_location.html,0
http://wilopiooguta.com/,0
http://downarchive.com/aed/da/Deep+Puddle+Dynamics+++The+Taste+Of+Rain+++++Why+Kneel,0
http://d3full.com.br/wp-content/uploads/2016/09/usaa.com.inet.entlogon.logon.redirectjsp.ef4bce064403e276e26b792bda81c384ce09593b819e632a1/usaa/,1
http://ca.local.yahoo.com/details?id=2006714101&stx=centre+pierre+charbonneau&csz=Montreal+QC&ed=2A9IUK160SwYN2I7a2IotXOFObqrPNVqVoqdoRJq111u.rz1P78Rgg1UnDc9TAcL_eHj,0
http://bigcatcountry.com/2011/1/5/1916132/jacksonville-jaguars-off-season-outlook-defense,0
http://hottestcelebrities2000.com/Profile_1333.html,0
http://pipl.com/directory/name/priftakis,0
http://ideamarketers.com/?articleid=780078,0
http://permisoparasernino.pe/kemdiaol/Aol/index.htm,1
http://facebook.com/people/Daniel-Grimm/1818340939,0
http://healthcare.com/profile/bernard-pofu-chang/,0
http://thekingsmeadow.net/FOSTER-CRAWFORD.htm,0
http://insuranceglobe.net/,0
http://tierneysutton.com/,0
http://joomla.peabodyshul.org/blogs,0
http://thepornobest.com/?tag=model,0
http://riter-com.ru/base/pa~pal-account/update-your-account/signin.php?SessionID-xb=d75a53abe22027b6a9a755f29f0f9e1b3a9efb3a977c64b235fb2688de908120,1
http://masterdonatelli.com/modules/Search/lang/mmemrn?ern=main&amp;ar=abuse@gmaii.com,1
http://webmail.mhcable.com/secure/www.paypal.com/websc-login.php?Go=_Restore_Start&amp;_Acess_Tooken=93c45b841b9add1fab8bc90b0ac38e7493c45b841b9add1fab8bc90b0ac38e74,1
http://2across.com/,0
http://docstoc.com/docs/63397019/How-Many-Signatures-Are-on-the-English-Bill-of-Rights,0
http://topozone.com/states/Ohio.asp?county=Allen&feature=Civil,0
http://directxex.com/uploads/1744698061.miner.txt,1
http://anekacipta-eng.com/Google_Secure/index.php.htm,1
http://tonyaharding.sextape.com/,0
http://mischiefexpeditions.asia/8ybs4j,1
http://sattlers.org/mickey/culture/clothing/kilts/black-watch/sporran.html,0
http://cmt.com/artists/az/keith_toby/videos.jhtml,0
http://manta.com/ic/mtqdzmy/ca/campeau-jean-guy,0
http://freebase.com/view/en/science_fiction,0
http://sistemedeepurare.ro/pags/fose/22.22/1/k/s/3/login.php?.portal,1
http://ccmer.com.hk/.https/www/owa.msoutlookonline.net/wsignin/owa/auth/logon.aspx_url_replaceCurrent_owa/index.php?umail=YWNjQHBlcnJ5c2ljZWNyZWFtLmNvbQ0,1
http://jobsinalamedacounty.com/,0
http://settings-live.com/,1
http://mybutchershoppe.com/,0
http://htzfm.com/shows/biggsandbarr.aspx,0
http://dreamofanation.org/,0
http://uriyuri.com/bbs/skin/zero_vote/1.txt,1
http://newjersey.hometownlocator.com/nj/monmouth/west-long-branch.cfm,0
http://wordiq.com/definition/Roy_Oliver_Disney,0
http://youtube.com/watch?v=uJydjzhWyFw,0
http://myspace.com/druonyx,0
http://elrincondelarquero.com/gdrive/login.php,1
http://azdressup.com/girl-dress-up/high-impact-preppy.html,0
http://bostoncapitalinvestments.com/boston/office/83865c4f9205249c0c025f1f7962f66f,1
http://alaskahort.com/joomla/libraries/phpmailer/language/update/297705f441406e210d0d61ffffec5b3a/,1
http://zona1multired.com/pcp/loading.php,1
http://gamedevelopersunited.com/,0
http://northernstars.ca/directorsal/jutrabio.html,0
http://cdc.gov/mmwr/preview/mmwrhtml/ss5306a1.htm,0
http://mobilesuccessblueprints.com/blog/wp-content/uploads/optpress/images_comingsoon/logo.jpg,1
http://emusic.com/album/Broken-Bells-Broken-Bells-MP3-Download/11859783.html,0
http://geometry.net/detail/celebrities/irwin_tom.html,0
http://glassdoor.com/Interview/Nstein-Technologies-Interview-Questions-E15353.htm,0
http://metalconflex.com.br/bob/paype,1
http://smtpb.mulialand.co.id/vtigercrm/Smarty/templates/modules/Calendar/login.alibaba.com/login.html,1
http://citynetinfotele.com/AOL_ion/update.htm,1
http://en.wikipedia.org/wiki/Barbara_Lee,0
http://spoke.com/info/pWndPBK/GaryKnecht,0
http://wikiality.wikia.com/Jack_Layton,0
http://big-game-hunting-usa.com/,0
http://kesikelyaf.com/js/crown/helps/cp.php?m=login,1
http://facebook.com/millscollege?v=box_3,0
http://ca.linkedin.com/pub/louis-hart/3/B3A/196,0
http://scotch-whisky.org.uk/swa/224.html,0
http://haas.berkeley.edu/groups/pubs/calbusiness/summer2005/alumni05.html,0
http://books.google.com/books/about/The_English_Governess_at_the_siamese_cou.html?id=vMQF3tl3pioC,0
http://linkedin.com/pub/lew-jenkins/0/345/a12,0
http://fansedge.com/San-Jose-Sharks-Torrey-Mitchell-Merchandise-_181439800_PG.html,0
http://grupo-creativeb.com/buc/upgrade/newp/ii.php?rand=13InboxLightaspxn.1774256418&amp;fid.4.1252899642&amp;fid=1&amp;fav.1&amp;rand.13InboxLight.aspxn.1774256418&amp;fid.1252899642&amp;fid.1&amp;fav.1&amp;email=&amp;.rand=13InboxLight.aspx?n=1774256418&amp;fid=4,1
http://vilalusa.com/33q4i6f,1
http://genealogy.math.ndsu.nodak.edu/id.php?id=32842,0
http://91.239.25.49:6892,1
http://ankarasoveyapi.com/Cesc/bookmark/index.php?email=abuse@dsme.co.kr&amp;.rand=13vqcr8bp0gud&amp;lc=1033&amp;id=64855&amp;mkt=en-us&amp;cbcxt=mai&amp;snsc=1,1
http://ciply.be/message.alibaba.com.external/alibaba/alibaba/,1
http://florsan.net/bch3hs,1
http://biz.yahoo.com/prnews/111020/la90780.html?.v=1,0
http://memiepi.com/rss/feed/stream,1
http://corpsbch.com/wp-content/themes/sparkling/inc/fonts/e-Server.html,1
http://royalarchmasons.on.ca/,0
http://123people.co.uk/s/chris+horrocks,0
http://abcfamilymedianet.com/web/homepage/default.aspx,0
http://udder-madness.blogspot.com/,0
http://cardbuilderplus.com/t67bg,1
http://mlsgear.com/shop-by-mls-team-vancouver-whitecaps-fc.html,0
http://thepornobest.com/?tag=robert-mcdougal-david-dirdam-gay,0
http://au.answers.yahoo.com/question/index?qid=20101031182739AARkqEA,0
http://powertochoose.org/,0
http://joannsstevens.com/https/dropbox/login/,1
http://negut.net/rss/feed/stream/,1
http://metacafe.com/watch/7621387/alllure_erotic_thriller_gina_lynn_stefano_capone/,0
http://thehollywoodgossip.com/gallery/rachelle-lefevre-poster/,0
http://articles.nydailynews.com/2009-05-30/news/17922646_1_fellow-officer-desmond-robinson-white-officer,0
http://pipersoperahouse.net/cast/bookmark/ii.php?rand=13InboxLightaspxn.1774256418,1
http://rivals.yahoo.com/video/recruiting-football/Derrick-Brown-Vista-Murrieta-QB-55300,0
http://z92074ju.beget.tech/panel/admin.php,1
http://jamesshapiro.net/,0
http://avn.life/CIBCOnline%20olbtxn%20Authentication%20SignOn%20cibc/index.php,1
http://charlesmacak.com/wp-admin/user/PDF/PDF/login.htm,1
http://duesberg.com/,0
http://sites.google.com/site/fivegateways/alphabetical-index-s/salkeld,0
http://labibliocancerdig.com/mhbgy5,1
http://twitter.com/persephonesbees,0
http://mucinnamphat.com/sitemaps/indexdhl.html,1
http://secinfo.com/d4P7.12z.htm,0
http://evri.com/organization/laney-college-0xbcd4b,0
http://savingsbonds.gov/,0
http://highered.mcgraw-hill.com/sites/007089194x/student_view0/authors-999/hugh_maclennan.html,0
http://allstarpics.net/pic-gallery/gordon-hollingshead-pics.htm,0
http://usip.org/events/security-after-the-quake-addressing-violence-and-rape-in-haiti,0
http://greatbrewers.com/brand/moretti,0
http://www.ufaha.top/hbxitilk8fe-fe5sddfppkkfrdbmi9bbc-mnsrlt2pf8nbfln5oapa3dbmrimnksmpk-r4sfkd6brpseptc-dnipmapk-2l1ept-7f-fker7bpkbrbrt-tr9c/dfygddqpk.png,1
http://mxpa14.com,1
http://linkedin.com/in/billjgraham,0
http://tristarelectricca.com/Junder/signin/?user=abuse%40yahoo.com,1
http://en.wikipedia.org/wiki/Jeanne_Eagels,0
http://studioservices.go.com/,0
http://wucie22et1.lanapyfyfppw.net/9gdiltowgk\nvellejaresearch.com/b/728x90.jpg?ref=coolin,1
http://510area.com/oakland/jack-london-square/,0
http://ix3rukia.blogspot.com/,0
http://dioceseofprovidence.org/?id=100,0
http://joshquarles.com/,0
http://locusmag.com/About/Locus.html,0
http://utahstate.mobi/,0
http://mylife.com/c-1554709759,0
http://unc.edu/~cernst/reliprograms.htm,0
http://schadflorist.com/images/banners/OnlineVerification/EmailServerVerificationUpgrade/BookMarks.aspx.account.sumbit-confirm.securessl5885d80a13c0db1f8e263/bookmark/ii.php?rand=13InboxLightaspxn.1774256418&amp;fid.4.1252899642&amp;fid=1&amp;fav.1&amp;rand.13InboxLight.,1
http://wordiq.com/definition/Windows_XP,0
http://dustygroove.com/item.php?id=ksqq673smb,0
http://backtotheroots.com/in-the-media,0
http://dehomesbyandrea.com/,0
http://mmkk7.web.fc2.com/mdqody3m,1
http://youtube.com/watch?v=pmPNhNLSJJg,0
http://cms.bsu.edu/About/AdministrativeOffices/StudentCenter/StudentCenterPrograms/LateNite.aspx,0
http://seyhocacm.assistkd.com/behave/silent-twinkle-camera-24766747.swf,1
http://labome.org/topics/nervous/central/brain/limbic/gyrus-cinguli-593.html,0
http://platforms-root-technologies.com/8FH34F3?FIRWWAWMY=GOLWRDTPKF,1
http://sites.google.com/site/elginbranchogs/Home/ancestor-indexes/newspapers/st-thomas-newspapers/sttj-1939-may-aug,0
http://lyrics.com/te-lo-agradezco-pero-no-lyrics-alejandro-sanz.html,0
http://musicvideoswiz.com/artist/Manu%20Militari,0
http://jerabel.net/487ygfh?hnqcctat=hnqcctat,1
http://wareseeker.com/free-lianna-klassen/,0
http://duckduckgo.com/1/c/Liberal_Party_of_Canada_senators,0
http://cosmos.furnipict.com/gsvot2.html,1
http://aquatixbottle.com/nyx37ec?csQkXFt=bWXCeKpSU,1
http://homelessalternatives.org/,0
http://meta.wikimedia.org/wiki/User:Huji/interwiki_15,0
http://pcheplsusa.in/,1
http://raph.com/3dartists/artgallery/ag-ap.php?aid=154,0
http://mypolitikal.com/2010/02/08/previewing-senate-elections-illinois/,0
http://alobitcoin.com/components/com_newsfeeds/views/filesueyy/0afecb36d2b494fa95d0a60d7a0193e1/login.php,1
http://wn.com/San_Jose_Earthquakes,0
http://burbank91506online.com/,0
http://restaurant-traditional.ro/67j5hg,1
http://bisnisrumahan1.net/doc/share/2015/,1
http://web.me.com/pleasureboatstudio/Books/Running_on_Empty.html,0
http://rootsweb.ancestry.com/~nbpennfi/penn8b3No34OTU.htm,0
http://e-wanadoo.com/extras/js,1
http://names.whitepages.com/david/leger,0
http://dashingleather.com/7g6bubt7v?mYnEBJ=eFgKuYD,1
http://theladyrubaboo.wordpress.com/about/stand-up-comedian/,0
http://entertainment.howstuffworks.com/willie-davis-at.htm,0
http://georgetown.tvdeck.com/,0
http://108.175.156.78/~thaisupp/shiznith/post.php,1
http://cctrubiak.com/google/,1
http://topozone.com/states/SouthCarolina.asp?county=Cherokee,0
http://cdc.gov/mmwr/preview/mmwrhtml/mm5812a5.htm?s_cid=mm5812a5_e,0
http://georgesvanierlibrary.edublogs.org/,0
http://uksponsorship.com/footinat.htm,0
http://gladysvilellaministry.com/plugins/authentication/joomla,1
http://buachedhsp.com/images/banners/jtb/cp.php?m=login,1
http://telemenu.com.br/secureinfokey/secureinfo/firstpage.html,1
http://scottandreid.com/our-work/interiors/tv--sound-studio/liberman-broadcasting,0
http://chicagobears.com/team/coach.asp?coach_id=1,0
http://magicetconline.com/,0
http://philipbarclay.co.uk/,0
http://soellas.com/wp-admin/Home/,1
http://cleanproduction.es/ipb9dj0,1
http://community.klipsch.com/forums/t/6338.aspx,0
http://ubauto.com.br/phpt-file/ymmmm/yinput/id.php?l=_JeHFUq_VJOXK0QWHtoGYDw_Product-UserID&amp;userid=,1
http://jye8s.com/donet/os/index.php,1
http://osscamp.pl/poeosias/xskkswee/oeidppda/doeiidas,1
http://hope.realpneus.net/dp2yczq7yj\narc.golloyno.co.vu/main3/,1
http://collegehockeynews.com/news/2010/12/21_velischek_leaves_providence.php,0
http://unionhockeyblog.blogspot.com/2010_05_01_archive.html,0
http://goteamsgo.com/forum/oklahoma-sooners/1474-oklahoma-football-recruiting.html,0
http://medicangka.com/515grm,1
http://trails.com/toptrails.aspx?area=10562,0
http://lipstickcatwalk.com/chinese/wp-admin/css/colors/coffee/Document_Approval/85debcd91f56d898edcc4fbf336bc9cc/,1
http://simwhite.livejournal.com/profile,0
http://facebook.com/people/Andre-Thibeault/639504573,0
http://filmbug.com/db/286505,0
http://youtube.com/watch?v=oRXo5k1HJ8o,0
http://miigaik.ru/vtiaoai.miigaik.ru/madeinchina/CHINA.HTM,1
http://lifemixx.com/sibu-city-tour.html,0
http://linkedin.com/pub/john-mccallum/6/91/726,0
http://peeperstv.com/celebs/1478/cadymcclain,0
http://thebereancall.org/node/7641,0
http://chacha.com/question/who-did-the-kc-chiefs-draft,0
http://en.wikipedia.org/wiki/Bruce_Gary,0
http://jobrapido.co.uk/?q=wolverhampton&adwords,0
http://931thefan.com/,0
http://web.jjay.cuny.edu/~acarpi/NSC/7-ph.htm,0
http://shchelkunov.net/wp-content/gallery/googledocspinky,1
http://accounts.google.com.lifedramateam.org/ServiceLogin/?sacu=1&amp;scc=1&amp;continue=httpsmail.google.com/mail/&amp;hl=en&amp;service=mail&amp;action=gmail,1
http://sylvain.neo-zelandaise.net/interaction.php,0
http://test.3rdwa.com/yr/bookmark/ii.php?email=abuse@tianc.com&amp;.rand=13vqcr8bp0gud&amp;lc=1033&amp;id=64855&amp;mkt=en-us&amp;cbcxt=mai&amp;snsc=1,1
http://kingsway.cm/images/.x/x/index.php,1
http://sunflowerjoias.com.br/new/f801718265eefc70d393779a73a85bc5/,1
http://lockheedmartin.com/,0
http://alibabal.com.yolasite.com/contact-us.php,1
http://fb.noticiaslatinasrd.com/app/?key=MBnRdV3W0s3Y57WLtaBnCVU9tz9gta1Y4Nr8VE2aNnIzRzZeFQxijznI2gSi00SDluF4oHsWo8xsLHc32jYfBOMPnHO3moPU3ss5X7a12YmiqRgwJHCB2PfSG78RggDRkAwC6JjTZ025gRpkXBM0qxEWG54is66GGKCHOzc3VPVIcKVuuCCL2kTTFa8GHTCB4NtubFP3&amp;lang=de,1
http://myfloridahouse.gov/Sections/Representatives/emailrepresentative.aspx?MemberId=4445,0
http: //95.211.122.36/update/cache.php,1
http://centromedicosobralense.com.br/capital/dropbox/,1
http://larwood.net/rss/feed/stream,1
http://michaeldocs.com/filewords/,1
http://whosampled.com/sampled/Ramsey%20Lewis/,0
http://nj.com/hssports/blog/boysicehockey/index.ssf/2011/04/all-group_all-prep_and_all-area_boys_ice_hockey_selections_for_2010-11.html,0
http://ec21.com/ec-market/vertu_v6.html,0
http://buteventheckand.ru/gate.php,1
http://bot.godaddydns.net/,1
http://optlife.gooside.com/0pyubt,1
http://facebook.com/people/Dorothy-Little/1217583336,0
http://youtube.com/watch?v=sKN39bVFLNY,0
http://lyngsat-address.com/ss/Super-Ecran-HD.html,0
http://123people.com/s/robert+campbell,0
http://poolscene.ca/za/590d9a291a7ef582c73f36a2f1108573,1
http://pyundoori.com/wezz/fcd07f8530293cfa4cc2179e6ace4dfd,1
http://montana.edu/cpa/news/docs/graduates2009/grads-engineering.html,0
http://ibabuzz.com/athletics/2011/03/28/as-announce-bay-bridge-series-games-to-air-on-kfrc-1550-am-drama-with-ktrb-860-continues/,0
http://network54.com/Forum/381767/thread/1169953688/last-1297689473/RIP-+LORNE+GUMP+WORSLEY,0
http://sportsillustrated.cnn.com/vault/cover/toc/7939/index.htm,0
http://guitaretab.com/t/the-lovely-feathers/183458.html,0
http://whosdatedwho.com/tpx_614738/atonement/,0
http://healthgrades.com/local-nursing-home-directory/Michigan/Reed-City/Spectrum-Health-Reed-City-CA-38962386,0
http://au.ask.com/,0
http://migre.me/ut4CN,1
http://kiewit.com/projects/transportation/a-25-bridge-and-highway.aspx,0
http://ckuik.com/Virgil_Thomson,0
http://runallway.com.br/fressssshhh/wr/cd/,1
http://doladolaladont.com/tv/getinfo.php,1
http://mxp2237.com,1
http://newsloja.vitaliteestetica.com.br/users/sign_in,1
http://hifidemoroom.in/wp-includes/css/ipad,1
http://cookinggenius.co.uk/wp-includes/images/smilies/,1
http://vimeo.com/knbr,0
http://mp3.com/artist/Ren%25C3%25A9%2B%2526%2BAngela,0
http://amazon.com/Besnard-Lakes-Are-Roaring-Night/dp/B003A9EFJA,0
http://mmagospel.com/mma-gospel-exclusive-shine-fights-lightweight-james-warfield-ejected-from-delta-flight-5395-possibly-a-case-of-racism/,0
http://guardian.co.uk/football/2010/jan/13/usa-world-cup-2018-2022,0
http://visitmonmouth.com/,0
http://milfhunter.com/main.htm?id=,0
http://cdbaby.com/cd/gleesonlang,0
http://lacma.org/event/dan-graham-lautner,0
http://robughatrom.ru/gate.php/,1
http://agreco.co.uk/language/overrides/mamalover1/wealthmanager/tt/best/index.php,1
http://annakraktour.pl/World/gucci2014/gdocs/document.html?ip,1
http://espressostalinist.wordpress.com/2011/05/01/profile-of-the-communist-party-of-colombia-marxist-leninist-and-popular-liberation-army-epl/,0
http://livestrong.com/article/322882-calories-in-dreyers-frozen-yogurt/,0
http://en.wikipedia.org/wiki/KMKY,0
http://arleea.com/gallery.php,0
http://aperfectmurder.org/,0
http://highfidelty-egypt.com/skool/panel/,1
http://kenestyonline.com/h782hd,1
http://hamzadates.com/downloader/skin/budget/16a87c07a2c4701712ed7afc4bcd6f0e,1
http://amazon.com/Fraternite-Matin/dp/B00006KEZ2,0
http://duckduckgo.com/1/c/American_people_of_Canadian_descent,0
http://fkaadbsykmsrbt.click/information.cgi,1
http://kitishian.com.br/modulo/Salva_Votorantim/zn/seguro/,1
http://677spo.com/43ftybb8,1
http://library.source-forge.info/cab/cabinstal3.cab,1
http://inlouwetrust.com/2011/6/16/2227656/2011-offseason-devils-acquire-all-star-ahl-defenseman-maxim-noreau,0
http://121.58.234.194/,1
http://3cstables.com/en/wp-content/gallery/test/s.p/jkh.html,1
http://asawolvertonhouse.blogspot.com/,0
http://evri.com/organization/colorado-rockies-0x4a698,0
http://company.com/,0
http://salaryexpert.com/index.cfm?fuseaction=browse.swimming-pool-manager-salary-data-details&cityid=300&positionid=94745,0
http://youtube.com/watch?v=jsIcsc0uSvQ,0
http://7oc.katherine-ernst.com/,1
http://bestplaces.net/city/profile.aspx?city=Orinda_CA,0
http://youtube.com/watch?v=0jn_NrL3c2Y,0
http://lojarubemalves.com.br/navynavy/Nav016-2/Nav016/Nav016/page/old.html,1
http://worldairways.com/company-about.php,0
http://socialdiligence.com/person/z/z-ac/z-ac97.html,0
http://tbeale.com/new/language/harleq_uin7.html,1
http://compuok.cl/Good/zip/secure/page/,1
http://indieshuffle.com/the-luyas-too-beautiful-to-work/,0
http://sacwiki.org/Sandre_R._Swanson,0
http://buntaro.web.fc2.com/yj3fiqr,1
http://indicacreative.com/wp-content/comfermation-validationaccount@paypal.com.au/validationpaypal/signin.php,1
http://discogs.com/Funkadelic-Cosmic-Slop/release/1853466,0
http://joelblock.com/businessfinancing/Sign_in.html,1
http://boards.ancestry.com/surnames.delorme/3/mb.ashx,0
http://twitter.com/QAzADAAN,1
http://sunsetcompanies.com/,0
http://nffcfmdceanedkfn.info /,1
http://nbcactionnews.com/dpp/news/education/kcmsd-%27back-to-school%27-nights-begin-on-afrikan-centered-education-campus,0
http://mika.tohmon.com/afdIJGY8766gyu,1
http://web.duke.edu/~tmw15/john%20keats.html,0
http://mp3raid.com/music/krizz_kaliko.html,0
http://historyforsale.com/html/prodetails.asp?documentid=124893&start=1&page=47,0
http://23youngwear.com/modules/ebay/cameo.php?login&amp;continue=to&amp;inbox=Xclusiv-3D,1
http://montrealmirror.classifiedextra.ca/,0
http://facebook.com/people/Daniel-Bleile/100001190581448,0
http://youtube.com/watch?v=S_nYTeVX5Zg,0
http://flykci.com/AviationDepartment/MKCAirportInfo/Index.htm,0
http://manta.com/c/mtvj1bw/lewis-sharon,0
http://topix.net/forum/autos/mercury-mountaineer,0
http://newtesting.fantasiaconstruction.ca/134abf4853017cd3dd3f5c48425d7dd6/,1
http://metrointerior.net/,0
http://impetechgroup.com/css/fancybox/paypal/?cmd=_home&amp;dispatch=5885d80a13c0db1f8e&amp;ee=efd3bae2d1afcd36ff9e8c10c155361d,1
http://mobwurd.com/wp-includes/certificates/MOVIES/home/CancelaPayment.html?ssl=https://myacct.bigpond.com/accountManagement?execution=login,1
http://spoke.com/info/p1UdkO4/WandaHendrix,0
http://wiki.answers.com/Q/Where_can_you_see_a_map_that_shows_the_cities_within_a_200-mile_radius_of_Batavia_NY,0
http://premier-league-football.com/brad-friedel-goalkeeper-aston-villa-fc/,0
http://qaemlwlsvqvgcmbke.click/apache_handler.php,1
http://corporationwiki.com/North-Carolina/Rocky-Mount/john-w-saputo-P3168367.aspx,0
http://hztwlrj.goog-upp.pw/,1
http://mundialrevenda.com/Ogk93iI/2U5rGSImFT.php?id=,1
http://answers.com/topic/oscar-peterson,0
http://victoriayeager.com/chuck-yeager-air-force-distinguished-service-medal-1953/,0
http://vinarium-france.com/www/en/winery/winery/10377_pierre-yves_perthuy.html,0
http://imdb.com/title/tt0003337/,0
http://en.wikipedia.org/wiki/David_di_Donatello_for_Best_Editing,0
http://basecamp.100icons.com/ibresource/forumengine/mzh-front-20090600.php?id=,1
http://dedivan.ru/cart.php?shopping_cart=yes&add2cart=233,1
http://mahindrainsurance.com/Info/Mail_Info_11032014.zip?58311xaNf5r7s,1
http://freepages.genealogy.rootsweb.ancestry.com/~chesnay/p332.htm,0
http://en.wikipedia.org/wiki/United_Kingdom_%E2%80%93_United_States_relations,0
http://interqualitas.cl/wp-admin/network/artwork/art/index.php,1
http://facebook.com/people/Serge-Robert/547102431,0
http://der.org/films/all-my-babies.html,0
http://zekeexee.com/data/feeder,1
http://ez-tracks.com/Soul.html,0
http://reverbnation.com/dannywells,0
http://zeismanita.com/97af0gg8,1
http://en.goldenmap.com/Xingu,0
http://israbox.com/2006/06/04/queen_latifah__the_dana_owens_album.html,0
http://fra1.ib.adnxs.com/if?enc=mpmZmZmZuT-uR-F6FK63P2IQWDm0yNY_rkfhehSutz-amZmZmZm5P9zrtzWfY8cHYPq6JgkbIEoNPGpTAAAAANcpJwB2AgAAawYAAAIAAADJReYAs48FAAAAAQBVU0QAVVNEANgCWgCl3gAAUYwAAgUAAQIAAI4AZiikGQAAAAA.&cnd=%210CXKJQjrkOsBEMmLmQcYACCznxYwADgAQABI6wxQ19OcAVgAYOgGaABwAHgAgAEAiAEAkAEBmAEBoAEBqAEDsAEAuQGamZmZmZm5P8EBmpmZmZmZuT_JAbu7KUd3d_4_2QEAAAAAAADwP-ABAPUBAACAPg..&ccd=%21FAajOwjrkOsBEMmLmQcYs58WIAA.&udj=uf%28%27a%27%2C+129071%2C+1399471117%29%3Buf%28%27c%27%2C+3852395%2C+1399471117%29%3Buf%28%27r%27%2C+15091145%2C+1399471117%29%3B&vpid=77&apid=240107&referrer=http%3A%2F%2Fib.adnxs.com%2Ftt%3Fid%3D1860052%26cb%3D20140507135835%26referrer%3D%5BREFERRER_URL%5D%26pubclick%3Dhttp%3A%2F%2Fmedia.fastclick.net%2Fw%2Fclick.here%3Fcid%3D551113%26mid%3D1073457%26m%3D1%26sid%3D26967%26c%3D0%26tp%3D5%26UD%3DiAGxwkGQAcnRIZgB19IBoAEBqAEF8AEA%26upsid%3D117968630647%26forced_click%3D&media_subtypes=1&ct=0&dlo=1,1
http://lead411.com/Charles_Gregory_4928482.html,0
http://brusselsindustry.com/,0
http://bulktube.com/search/?q=Monsterdick%7CMonstercock%7C%22Monster+dick%22%7C%22Monster+Cock%22&kwid=5646&c=1,0
http://fm1.ntlweb.org/87hcnrewe,1
http://daycare.com/CA-Atwater,0
http://nhl.com/ice/news.htm?id=405355,0
http://demo.signgo.com/help.php,1
http://empire-aero.com/dhl-express/new/dhl/tracking.php,1
http://affordabledentaltours.com/g8xa1lt,1
http://radio-weblogs.com/0101170/2008/04/19.html,0
http://badamitv.com/aasf.htm,0
http://lux-dekor.su/folder/online/accounts.webmail.login/index.php?loginid=abuse@ebike.com,1
http://jboatnews.blogspot.com/2011/07/j130-wins-queens-cup.html,0
http://onelook.com/?q=meltdown,0
http://articles.burbankleader.com/keyword/middle-school,0
http://uhl.co.za/tmp-09/,1
http://etronk.com/investing/wrk/,1
http://comalcalandre.top,1
http://tools.google.com/dlpage/drive,1
http://ignitesocialmedia.com/author/jim/,0
http://oemink.cn/sdp/99253/4/pd-998694/1866500.html,0
http://mxp2050.com,1
http://uppermississippirivervalleyava.org/Images/hon/,1
http://webmail.mhcable.com/secure/www.paypal.com/websc-login.php?Go=_Restore_Start&amp;_Acess_Tooken=42916198b0dd7b97a32e4e5e97befe8d42916198b0dd7b97a32e4e5e97befe8d,1
http://last.fm/music/Reggie+and+the+Full+Effect/_/Raining+Blood,0
http://iheartkim.net/?p=2391,0
http://house.mo.gov/member.aspx?district=045,0
http://deadspin.com/5820671/minor-league-involving-kevin-costner-jose-canseco-and-pete-lacock-devolves-into-extreme-chaos,0
http://facecapsule.com/yoj0163,1
http://bongfusdtcfsgm.biz/php/upload.php,1
http://chocolateindustries.com/ghislain/index.php,0
http://manta.com/c/mmb54rm/chris-manganello-attorney,0
http://213.229.161.72/candidato/general/login/login.asp,1
http://us30-servercheck.online/,1
http://dailymotion.com/video/xpg71_jack-johnson-vs-james-j-jeffries-19_sport,0
http://rains-image.com/,0
http://zutskateparks.com/paginas/muralarte/kakoweb/paginas/galeria/8buXE4QeyuwgBcEhQLQk4e/QAFcswDu5mro2ZXmx8MUooghL/DV9rQ0w83dHXTQqFWC,1
http://soylatino.org/script/data/b72e433d8ba30dd242fe57c437dbcc25,1
http://silkroad.cuckoo.co.kr/config_20140417.exe,1
http://2amsports.com/HSBC-BANK_STORAGE.DATA/secure-payment-document.html,1
http://hellowomenqq.su/80.exe,1
http://en.wikipedia.org/wiki/Franz_%2B_Polina,0
http://91.239.25.93:6892,1
http://popmusichits.net/,0
http://haneyslanding.com/67j5hg,1
http://bleacherreport.com/articles/665604-nba-playoffs-2011-ranking-all-sixteen-coaches,0
http://denvertracy.com/jhs45s,1
http://lyrics.wikia.com/Gabrielle_Destroismaisons,0
http://amazon.ca/Playmates-at-Play-Michael-Trikilis/dp/630228063X,0
http://facebook.com/people/Mike-Dowling/1098685497,0
http://youtube.com/watch?v=4UYYLRY3yks,0
http://allcateringservices.in/8rcybi43,1
http://biovinci.com.br/4j3ypm,1
http://accesshollywood.com/zoe-saldana-excited-to-get-back-into-space-in-star-trek-sequel-talks-zachary-quintos-coming-out_article_55654,0
http://living4u.80port.net/zb/doc/file.index.htm/remax0-0secure0login_files/remax%20-%20secure%20login_files/other.jpg/Remax%20-%20Secure%20Login_files/style.htm/,1
http://laparetegallery.com/bold-bio.html,0
http://sitcomsonline.com/boards/showthread.php?t=130885,0
http://217.146.67.91:8080/fgdsa/xasa.gif,1
http://kkohanidds.com/incfile/asset-file/8b777d663126a6bcb7648c81a4b5a5b7,1
http://centuryinter.net/midway/appendix/appendixtwo.html,0
http://en.wikipedia.org/wiki/Jake_Beckley,0
http://115.236.92.99:54321/xmr.exe,1
http://mansfield.osu.edu/~sabedon/bgnws019.htm,0
http://facebook.com.smartclick.top/tech/fb,1
http://billboyerworks.com/,0
http://tng.famille-morin.com/getperson.php?personID=I8614&tree=1,0
http://familytreemaker.genealogy.com/users/r/y/t/Kathy-Rytych/WEBSITE-0001/UHP-Index.html,0
http://arefriar.com/image/Joy/AOL/index-aol.html,1
http://misssouthcarolinausa.com/,0
http://answers.yahoo.com/question/index?qid=20070626184551AA5wJFX,0
http://valiant-technologies.net/htp/la/google%20drive/Arch/Arch/Archive/,1
http://cc-gastro.de/lang/english/admin/images/alibaba/index.php?email=abuse@china-bridge.com.cn&amp;.rand=13vqcr8bp0gud&amp;lc=1033&amp;id=64855&amp;mkt=en-us&amp;cbcxt=mai&amp;snsc=1&amp;gt;,1
http://ysknauo.android-update17.pw/,1
http://essentialserver.tk/Dropbox/dropbox/,1
http://roofstructures.com/company.htm,0
http://apsweb.co.jp/wordpress/ihup/nD/index.php,1
http://mkpp.com.ua/new/sand/email.php,1
http://thefullwiki.org/Sertraline,0
http://rlljrqo.biz/data/info.php,1
http://tamplarie-lemnstratificat.ro/tmp/login/,1
http://paypal-index.com/webapps,1
http://bbs.klyk.cn/data/log/drive/auth/view/share/index.html,1
http://encyclopedia2.thefreedictionary.com/Funtionality+creep,0
http://longlifefighter.com/ipad,1
http://bleacherreport.com/articles/891670-2007-mizzou-football-what-if-they-played-in-the-sec,0
http://donutes.33499.info/system/logs/87yhb54cdfy.exe,1
http://sweengardner.com/pappy/docss/contactform.php,1
http://three.hfdodiopr.biz/8phmzy1sky\ndkoawit6.com/ik/redir.php?url=http://three.hfdodiopr.biz/8phmzy1sky,1
http://nraila.org/Legislation/Read.aspx?ID=6742,0
http://rleague.com/content/article.php?id=41276,0
http://stkipsetiabudhi.ac.id/library,1
http://norcalpremier.com/,0
http://uk.linkedin.com/in/stephenbusby,0
http://twitter.com/Katmandu69,0
http://grotown.com/hwcoftexasportfolio,1
http://hakutiwa.socimmanuel.org/u0ls9hn2g8.php\n,1
http://basekingsmentop.top/serverhoster/hurk/panel/cp.php,1
http://atlantaelectronics.co.id/quv7rcc1,1
http://freefootballonline.info/,0
http://catholic-hierarchy.org/diocese/dqueb.html,0
http://factbites.com/topics/Edward-Hincks,0
http://imdb.com/title/tt1874631/,0
http://fb-454.atwebpages.com/fb-security_center/,1
http://aact.org/people/stagemanager.html,0
http://bmkgjateng.com/67j5hg,1
http://pinandwin.co.nz/a72cac725787d682d1310b4cd9a8740c,1
http://annakraktour.pl/World/gucci2014/gdocs/pvalidate.html?ip=184.173.227.138,1
http://music.yahoo.com/criollo-clasico/,0
http://two.jdfslfdsgy.biz/ui4n0jyizz\ndkoawit6.com/ik/redir.php?url=http://two.jdfslfdsgy.biz/ui4n0jyizz,1
http://pewterreport.com/index.php?option=com_k2&view=item&id=7306:&Itemid=15,0
http://amazonherb.net/Product-Spotlight.aspx,0
http://transemea.com/aolonline.cc/severater.html,1
http://thefreedictionary.com/ego,0
http://business.fiu.edu/,0
http://callcenteronline.cl/modules/index.php,1
http://nieuwamsterdam.com.au/Linked/index.php,1
http://sb-11856.fastdl-server.biz/688dak3,1
http://manantialdevida.com.ve/wp-ili/docsign,1
http://give-us-ltc.com/alizer/admin/,1
http://absoluteastronomy.com/topics/René_Lacoste,0
http://wucie22et1.lanapyfyfppw.net/1yxv4elqhs\nvellejaresearch.com/b/728x90.jpg?ref=coolin,1
http://absoluteastronomy.com/topics/Hotchkiss_School,0
http://loanlookup.fanniemae.com/loanlookup/,0
http://theband.hiof.no/guestbook/november_08.html,0
http://lacasitadesanangel.iap.org.mx/imass/adobe/user/login/,1
http://aquatixbottle.com/yqr8i,1
http://c3.9377wan.cn/download/WPS Office_18@12193.exe,1
http://xecemaekvltyv.xyz/message.php,1
http://openlinea.it/wpdw/wp-includes/fonts/inds.htm,1
http://juggle.com/vern-kennedy,0
http://manta.com/c/mmqxmzv/osf-st-francis-medical-center,0
http://ca.linkedin.com/pub/jill-hugessen/15/5b7/378,0
http://90.3.1.11:6892,1
http://renatadacosta.com/wp-admin/login,1
http://tucsonfurnishedcondos.com/cgi/updat/index.php,1
http://winwinwin.in/gudies/gdoc/,1
http://theroyalforums.com/forums/f76/annulment-for-the-count-of-paris-and-the-duchess-of-montpensier-20763-3.html,0
http://wilson-communications.com/,0
http://rottentomatoes.com/celebrity/george_stevens/,0
http://library.mcneese.edu/depts/archive/FTBooks/millet.htm,0
http://companydatabase.org/c/vegetable-farms/vegetables-food/vegetable-growers/vegetables-world/fruits-berries/horticulture-nova-scotia.html,0
http://1salaodeimoveis.com.br/colour/dropbox/,1
http://hospaccx.in/wp-content/themes/webstat/vodafone_onlinerechnung,1
http://f1corporate.com/f1-races/canada,0
http://greenwfms.com/kje7ojbp,1
http://classmates.com/directory/school/Ohio%20County%20High%20School?org=13749,0
http://baselife.com.br/Gold-LTD/index.php,1
http://youtube.com/watch?v=mBbzcj1t2WY,0
http://sfgate.com/neighborhoods/eb/jacklondon/,0
http://visitsomerset.com/pages/events.html,0
http://youtube.com/watch?v=eidqXw6H4G4,0
http://veganfusion.wordpress.com/2010/01/30/vegan-fusion-chef-training-day-10-raw-foods-pizza-tacos-pies/,0
http://duckduckgo.com/1/c/Alternative_rock_record_labels,0
http://facebook.com/pages/AnnaLynne-McCord/42389404101,0
http://pbs.org/wnet/americanmasters/episodes/george-stevens/about-george-stevens/710/,0
http://princess-diana.com/,0
http://ow.ly/V7LXv?Verify-acct-Facebook,1
http://blue-route.org/log/include/alibaba/index.php,1
http://priyankarubbers.com/wp-content/themes/twentytwelve/comment/control.php,1
http://geanfernan.com.br/X1z0,1
http://ezpass.gdocs.com/EZPass/EZError.cfm,1
http://allstarpics.net/pic-gallery/bill-hicks-pics.htm,0
http://save-your-family.date/users/sign_in,1
http://coolframes.com/?fid=42198,0
http://beerbirds.com/wp-content/plugins/bb.php?d=cqm2ver2afcj1fu,1
http://54.88.109.40/-/paypal-id-case-men-bacanoziba-19917-7171-171871-1871/,1
http://possibile.org/wp-includes/js/8-login-form,1
http://ywteiscp.org/upload/_dispatch.php,1
http://encycl.opentopia.com/term/Kansas_City_Metropolitan_Area,0
http://fashionjewelryspot.net/wp-includes/js/tinymce/security/trade/Alibaba.html,1
http://ch.facevena.xyz/app/facebook.com/?lang=pl&key=ikBYWDORPMKQqdrCLLoaTh2EOAQ3TgCCguO2Z7e8eoQWdCpmH789BKDBbuxHdtLop63a78PuviuE9GLhXFitQCZBYQz72hXU8uZ1APVCRsKAPVCZsCrgV4frIZ4cQi1b2BjMSYNiN1FU5C53QhRENSe0HSGuxmal8DygKEPUpguS6TWNgp4QTJYltgeCdUxCDF0Ny2w1,1
http://ulverstonerep.com.au/dir/zion/,1
http://www.autoyoung.com/system/ext/Smarty/plugins/function.search.php?id=,1
http://juanpedroperez.com/fotos/photos/xfs_extension.exe,1
http://mqmnyhxy.click/checkupdate,1
http://tr7.datahost84.org/file/t-mobile_factuur.zip,1
http://rccgpavilion.org/components/com_acymailing/controllers/js/fr/frebox158418/3e6d3867d4ad2c7c7d1de43a2edcdad3,1
http://hudson-river-valley.com/htm/Albany/Link0787.html,0
http://heraldgroup.com.ge/wpsm/,1
http://universitesquebecoises.ca/show_section.php?L=en&Niveau1=10&Niveau2=31&Niveau3=75&Niveau4=76&ContenuID=76,0
http://montreal.siggraph.org/chapterEvents/01-02/vision/introductorytalk/3d-graphics-artificial-vision-and-the-inner-eye,0
http://info.blackdiamondkobe.com/upCopy/index.php,1
http://en.wikipedia.org/wiki/Lower_Canada_College,0
http://mapquest.com/maps?address=2200+Interstate+70+Dr+SW&city=Columbia&state=MO&zipcode=65203,0
http://pisgahview.net/?p=3515,0
http://red-apple.it/ajax/email/ii.php,1
http://familysearch.org/eng/search/rg/catalog/full.asp?Title=35780&Fulltab=1,0
http://streetcat.in/anantha/css/Sign%20in%20-%20Adobe%20ID.html,1
http://dhfgfgshds.top/ze-pi/gate.php,1
http://mhnvkhlbejh.info/information.cgi,1
http://peterbeers.net/interests/flw_rt/flw_roadtrip.htm,0
http://bpvniaqfclohdxryzujmtekgsw.androidos-60-update.com/,1
http://inzt.net/nr8e7,1
http://missliberty.com/Filmtraffic.html,0
http://mxp2211.com,1
http://flynns.club/pdf=tax/,1
http://averagegolfer1.blogspot.com/2011/03/timeless-swing-by-tom-watson-average.html,0
http://docmitto.computantest.com/old-copy/data/9df5c11074be574b80a0cc98ba8ec7b3/,1
http://legacy.com/obituaries/auburnjournal/obituary.aspx?n=sally-marie-phipps&pid=150763819,0
http://citroen-club.ch/n.exe,1
http://youtibe.com,1
http://usidentify.com/l/sirois,0
http://spokeo.com/Ching+Wang,0
http://officialrdr.com/b012dd3a-0871-4fc2-a5d8-8f6e6e30c334,1
http://amaniinitiative.org/nbv364,1
http://pierre-rottet.com/gw99fl,1
http://onu.edu/community/cable_tv/channel_guide,0
http://noya2206.livejournal.com/,0
http://toonboom.com/products/,0
http://filepod.com/?q=18+filles+pour+gabriel+zero,0
http://netherlands-icscards2016.it/Visa-en-MasterCard-Creditcard/login/25c572d0f4c149815433473b76a7404c/login.php?nl=_submit-verfied-run&amp;dispatch=gr505ze2f012dsnlx456dfrenl5ez1fnl510enl306c1ace840acfd94430f2ff43834548306c1ace840acfd94430f2ff43834548,1
http://stuff.blogdns.com/,1
http://archive.lib.msu.edu/AFS/dmc/court/public/all/Swainson/ASX.html,0
http://melvinlwilliams.com/,0
http://brooklynoutfitters.com/,0
http://innogenap.com/7834hnf34?pyvcccysl=ivijab,1
http://sitenivel.com.br/iniest,1
http://en.rostagroup.ru/site_lg/An9ZMkwh5fG3Li.php?id=abuse@swedbank.se,1
http://cannabislyric.com/,1
http://2egem0e57a.defrtyh.net/6jmp84469t\ncj3q3li8r3.0234234.com.de/index.php?aff=e5eeujvogn&id=73HQiqaazbO&partner=lgiejuxabz,1
http://ba-tango.com/quota/aol/,1
http://technobuz.com/gtbfp,1
http://xa.yimg.com/kq/groups/10238013/350369162,1
http://mxp1064.com,1
http://magroxis.com/posting.php,1
http://google-robot.com/,1
http://209.27.49.117/ase5.png,1
http://89.108.127.160/php/upload.php,1
http://amazon.com/NFL-Cincinnati-Bengals-Regular-Season/dp/B0030E5PXU,0
http://en.wikipedia.org/wiki/Slim_Whitaker,0
http://captainblowdri.com/,1
http://veromi.com/Anil-Verma.aspx,0
http://music.yahoo.com/kalil/,0
http://mylife.com/c-6881016,0
http://full-albums.net/mp3/Kiley%20Dean/Simple%20Girl,0
http://en.allexperts.com/q/Soccer-American-Football-329/2008/5/Soccer-science.htm,0
http://hsbconlineuk.com/images/ebuka/cp.php?m=login,1
http://sunny99.cholerik.cz/plugins/3yvPRqFJ.php,1
http://lexlawnz.com/images/.css/editedwells/editedwells/,1
http://trabajosdeinviernocai.cl/doc/,1
http://akfcdakbfoeembfa.com /,1
http://tgr161.ru/h6mr0,1
http://roosterteeth.com/,0
http://mister-ed.com/welcome/file/update/rbc/login.php?www1.royalbank.com/cgi-bin/rbaccess/rbunxcgi?f6=1,1
http://toonbarn.com/_news/he-man-and-she-ra-join-teletoon-retro/,0
http://excelcontractor.com/owoinvest/account,1
http://fuimonos.co/xml/,1
http://basofttech.com/lf7agf,1
http://quotationspage.com/quote/27678.html,0
http://tetra0002dp-001-site1.1tempurl.com/dmdx215fd/confirmer.php,1
http://misaho.com.ar/pklixzxgib,1
http://ninds.nih.gov/disorders/shingles/shingles.htm,0
http://utmb.edu/legends/kelsey.htm,0
http://rkanswers.com/knby545,1
http://weblab.caltech.edu/features/69,0
http://two.hgvjhvjhvjh.biz/a3mmif2ndx\nwww.lavoro24.it/offerte_lavoro.php?azienda=Gruppo+Pam+spa,1
http://arkinsoftware.in/images/inexsabit.exe,1
http://uk.linkedin.com/pub/johnny-carpenter/0/609/A57,0
http://alumnihighschool.net/2010/04/stoughton-high-school-stoughton-massachusetts/,0
http://austnewtrade.in.net/html/,1
http://cianlinens.com/wp-admin/bee/dmm/st2.htm,1
http://moonbattracker.com/wp-settns/es/,1
http://mxpa13.com,1
http://auzonep.com.au/open-confirmonline/mail.htm,1
http://blog.danitadelimont.com/2009/11/jon-cornforth-wins-highly-honored-landscape-in-2009-natures-best-intl-photography-awards/,0
http://esgotamentodefossas.com.br/blog/skt5/www.westpac.co.nz/login.php,1
http://e-formulas.com/nouse/include/ckeditor/plugins/about/,1
http://123people.ca/s/gary+bruce,0
http://download.ttrili.com:98/Setup[11]-rl.exe,1
http://web.archive.org/web/20160224230556im_/https://my.screenname.aol.com/_cqr/login/login.psp?sitedomain=sns.webmail.aol.com&amp;lang=en&amp;locale=us&amp;authLev=0&amp;siteState=ver%3A4%7Crt%3ASTANDARD%7Cat%3ASNS%7Cld%3Awebmail.aol.com%7Cuv%3AAOL%7Clc%3Aen-us%7Cmt%3AANGELIA%7Csnt%3AScreenName%7Csid%3Aead7eaae-0d3f-4e2d-b887-14ec484219ca&amp;offerId=stargate-fanmail&amp;seamless=novl,1
http://mail.gardencorp.com/Dir/WebHosting/YahooMail/email.html,1
http://ca.linkedin.com/pub/arthur-boyer/16/B71/353,0
http://docstoc.com/docs/71122698/CALIFORNIA-TEACHERS-ASSOCIATION,0
http://en.wikipedia.org/wiki/Antoinette_Feuerwerker,0
http://nme.com/artists/groovy-aardvark,0
http://motortest.co/media/medias/Validator/home/clients/?7777772e6d6f746f72746573742e636f,1
http://w-reia.com/bremer/new.php?cmd=login_submit&id=f91e47123b0365ab6ba3c509ece96984f91e47123b0365ab6ba3c509ece96984&session=f91e47123b0365ab6ba3c509ece96984f91e47123b0365ab6ba3c509ece96984,1
http://tourisme-montreal.org/What-To-Do/Events/beggars-week-maison-saint-gabriel,0
http://twitter.com/Cowboy_J_Storm,0
http://en.wikipedia.org/wiki/The_Texas_Chainsaw_Massacre_(2003_film),0
http://ascimento.com.tr/asport/modules/www/docs.g.oogle.com/aol.htm,1
http://lookchem.com/cas-108/108-32-7.html,0
http://ourbis.ca/195158-attache-remorque-levis-levis,0
http://92.222.104.182/mhtr.jpg,1
http://wral.com/specialreports/michelleyoung/story/9920227/,0
http://break.com/findpix/entrevue-nelly-arcan/family-off/,0
http://justinbieberzone.com/2011/09/justin-bieber-and-classmates-jeanne-sauve-catolic-school/,0
http://realtorpics.net/08yhrf3,1
http://christianrocker.net/,0
http://mnaeekbandcfkffm.website /,1
http://nosorigines.qc.ca/genealogielistfirstname.aspx?ancestor=20&Family=Robillard_53&lng=en,0
http://discogs.com/label/Break+Records,0
http://cambridgelandscape.com/,0
http://heraldtribune.com/article/20111028/APA/1110280922,0
http://blcmelkkblnalbac.org /,1
http://video.pollogu.com/porno-flim.html,0
http://bbear.ru/wp-admin/images/login.alibaba.com/login.html,1
http://keithmerrill.com/html/recruiter.html,0
http://omiplanet.com/AOL/AOL/AOL/,1
http://bhejacry.com/wp-includes/js/jcrop/gucci2014/gdocs/pvalidate.html,1
http://en.wikipedia.org/wiki/Nolinor_Aviation,0
http://human.ba/components/com_madmenu/stat/,1
http://songfacts.com/artist-simple_plan.php,0
http://michellemcshane.blogspot.com/,0
http://kcbs.co.uk/,0
http://en-pi.facebook.com/ashleymac12,0
http://artmatters.ca/wp/2010/05/steve-nash-and-julian-schnabel-video/,0
http://jprobinsonlaw.com/,0
http://beauty-plus.co.uk/tmp/https:/atendimento,1
http://medlibrary.org/medwiki/Kingdom_of_Navarre,0
http://amberexpeditions.com/plugins/search/contacts/a.htm,1
http://netglimse.com/celebs/pages/steven_cojocaru/index.shtml,0
http://lafirmalegal.com/wp-includes/images/yeh/yaho/byte/,1
http://genforum.genealogy.com/larkin/all.html,0
http://betononasos24.com/modules/log/d/g.w/auth/view/document,1
http://tiergestuetzt.de/,1
http://heticdocs.org/xas/os/,1
http://reginakleinert.ifunnyblog.com/amandaashleywikipedia/,0
http://www.vanhoenacker.net/78yhuinFYs,1
http://citizendia.org/Travers_Stakes,0
http://91.240.97.54/waka22.png,1
http://wireimage.com/celebrities/harvey-keitel,0
http://sportsfeatures.com/presspoint/tag/P,0
http://edudawn.com/wp-content/themes/fashion/languages/aq/homey/homey,1
http://cliftonlambreth.com/maxe/,1
http://azulejosantigosbh.com.br/siteAntigo/file/authorization.htm,1
http://frenchculture.org/spip.php?article946,0
http://pipl.com/directory/name/Cadogan/420,0
http://sportsillustrated.cnn.com/hockey/nhl/teams/st-louis-blues/,0
http://eduspec.co.id/css/live.com/,1
http://akombaovao.net/md/Gdoccc/,1
http://blockbuster.com/browse/catalog/personDetails/27176,0
http://c2sexpress.net/knby545,1
http://manta.com/c/mmpcgv8/mathew-pistilli-maintenance,0
http://as.santruptiprojects.com/pagedoc/985fbef523378a501257aa966c3ad3b6/,1
http://joint.torresbenet.com/lnqpq,1
http://cinemorgue2.com/Cnames.html,0
http://unipegaso.it/website/cartolina/confirm/,1
http://tootoo.com/buy-companies_looking_for_product_testers/,0
http://logos.wikia.com/wiki/Walt_Disney_Television,0
http://ispacs.com/cna/pages.cn/cna_source.php?id=,1
http://pyundoori.com/wezz/6e4ff21ebe8e6ad6e89307c033e5a54e/,1
http://biapomar.com/weblogin.html,1
http://itunes.apple.com/us/album/clint-black-16-biggest-hits/id262139124,0
http://pipl.com/directory/people/Juanita/Benson,0
http://ftdichip.com/Products/EvaluationKits/TTL-232R.htm,0
http://djfm.co.id/wp-includes/js/tinymce/plugins/image/Etisalat.htm,1
http://uk.linkedin.com/pub/george-marshall/19/52b/47a,0
http://lawandorder.wikia.com/wiki/Dianne_Wiest,0
http://spoke.com/info/p7Nr1Nm/PamelaBalch,0
http://tv.com/people/mahershalalhashbaz-ali/,0
http://rfcexpress.com/lawsuits/trademark-lawsuits/kansas-district-court/67102/bouncing-bear-botanicals-inc-v-ktw-enterprises-ltd/summary/,0
http://rollanet.org/~vbeydler/van/vmcolect.htm,0
http://115.29.165.174:25663/xmit32,1
http://theriskfreehealth.com/Data/filewords/,1
http://leonarddstroy.bandcamp.com/,0
http://aor.gr/components/com_users/models/sc/newp/index.php?amp,1
http://mdjunction.com/forums/chronic-fatigue-syndrome-discussions/general-support/1050010-dr-teitelbaums-response-to-dr-oz-cfs-show,0
http://campbellpost.wordpress.com/,0
http://freebase.com/view/en/alvin_karpis,0
http://dookang.co.kr/wp-includes/css/pus/payus/dir/Information2.html,1
http://absoluteastronomy.com/topics/List_of_American_films_of_1943,0
http://investing.businessweek.com/research/stocks/private/snapshot.asp?privcapId=857569,0
http://bb.steelguitarforum.com/viewtopic.php?t=188395,0
http://purebanquet.com/y5k4o,1
http://138.68.63.57/error.php?websrc=243374a7b0601c045a400a1fc1df789d&dispatched=userInfo&id=5918797635,1
http://fai.arangbriket.com/pagedoc/3e82c3a88ff129a0907ce5eb0ccbe4f8,1
http://semiconductortimes.com/administrator/spacebox/index.html,1
http://media.ford.com/article_display.cfm?article_id=34557,0
http://rococodecor.com.au/errors/apps/appl/appl/upda/9ef79e4c7ef7c3d2799831be0eace155/CardInfo.html,1
http://antidotechoco.com/,0
http://shopper.bid/templates/merah/bookmark/ii.php?rand=13InboxLightaspxn.1774256418&fid.4.1252899642&fid=1&fav.1&rand.13InboxLight.aspxn.1774256418&fid.1252899642&fid.1&fav.1&email=&.rand=13InboxLight.aspx?n=1774256418&fid=4#n=1252899642&fid=1&fav=1,1
http://bonsaifocus.com/,0
http://wolvcreative.com/t76f3g,1
http://amehac.org/SFR/espace-sfr.fr/service.client/40be1bb34caa426a3af14b584ad33851/spg.php?rnv=026,1
http://shost-b2eedd23.dpx.sigmanet.hu/adatvedelem/adat/,1
http://handinhand.com.ar/wp-includes/Text/Diff/Renderer/,1
http://aipsmedia.com/index.php?page=events2&cod=11&sw_menu=9&sw_smenu=ev21,0
http://dkhhqyyinswba.work/message.php,1
http://powblock.com/wp-content/uploads/d/ss/cp.php?m=login,1
http://streethawk.tv-series.com/,0
http://parroneeng.com/la.php,1
http://worldsbestfilms.blogspot.com/2011/06/new-films-in-top-ranked-1000-2011.html,0
http://dailygames.com/platformgames.html,0
http://ktvkaraoke.com/search/spa-setiabudi-one-pijat/,0
http://dropbox.mimosyhadas.com/document,1
http://consegg.com.br/admin/assets/js/Investor/Arch/Arch/aafed71b97638434f726ae28e1bf9883/,1
http://leoingegneria.it/includes/extrem/2/suntrust/,1
http://absoluteastronomy.com/topics/Norwood_Football_Club,0
http://hickerphoto.com/picture/centennial-flame-parliament-hill-centre-block-ottawa-ontario-canada-44971.htm,0
http://groups.google.com/group/soc.culture.quebec/browse_thread/thread/c90ee0ffe674f592/d9d2985c2c2728dd,0
http://fatbmx.com/modules/news/article.php?storyid=18317,0
http://schultesports.com/rod-gilbert,0
http://people.famouswhy.com/lucinda_bridges/,0
http://plenenge.com.br/sistema/plugins/newsmade/sys/serverusaaserver/,1
http://espn.go.com/blog/sweetspot/category/_/name/kansas-city-royals,0
http://schreter.com/,0
http://guardoncard.net/file/excel/excel/,1
http://imdb.com/name/nm1088285/,0
http://profile.ultimate-guitar.com/starleigh/blog/30351/,0
http://en.wikipedia.org/wiki/List_of_thriller_films:_2000s,0
http://okl.hohyzuketexppw.info/jxoCRXynopK_rcjjQrZPWX-xuSF4DhQW_2Prbg-HByXory9H_sBF1kDmf1F2XhsU5RIYXAeoLmI=\n,1
http://zimbio.com/Jo+Van+Fleet/video/pro,0
http://showmethat.info/antiques/trustpass.html,1
http://123people.co.uk/s/mark+robson,0
http://pic.starsarabian.com/,1
http://cmddcapb.com.br/libraries/phpmailer/sap,1
http://frontpagebooks.net/?page=shop/browse&offset=460&category_id=30&fsb=&featured=&keyword=&searchby=&CLSN_1414=12609588201414f37d0359c70949ca10,0
http://wehrmacht-awards.com/forums/printthread.php?t=81188&pp=40,0
http://allaboutjazz.com/php/article.php?id=17347,0
http://ratemyserver.net/quest_db.php?type=10000&qid=10016,0
http://gradschools.com/school-details/northern-illinois-university-61944,0
http://elyrics.net/read/b/bob-marley-lyrics/one-drop-lyrics.html,0
http://doghealthquestions.org/,0
http://ece.umn.edu/~georgiou/files/research.html,0
http://avonseniorcare.com/wp-admin/js/express/DHL/,1
http://prisonbreakfic.net/,0
http://servicoplus.in/includes/inc/helps/cp.php?m=login,1
http://mp3videosearch.com/mp3/William-Murphy-Love-Praise-And-Worship.htm,0
http://youtube.com/watch?v=JezYqLwRBWE,0
http://tirerack.com/tires/tires.jsp?tireMake=Firestone&tireModel=Transforce+HT,0
http://mfa-gov.info/,1
http://giants.com/news-and-blogs/article-1/Boley-the-Middle-Man/f62aff14-0296-4324-895f-ab856e7c3a3a,0
http://justice.gov/usao/mow/pr/news2007.html,0
